,Unknown_as_ratio,Face_ellipse_ratio,Nose_vertical_prop,Eyes-nose_height_ratio,Face_width_change,True_rating,Stdev
0,0.7247715009676123,1.2752284990323877,0.3282442748091603,0.5442144116603742,1.1940298507462686,2.614,0.79
0,0.3961328368722534,1.6038671631277466,0.3880597014925373,0.5573979817943957,1.2757731958762886,3.357,0.82
0,0.5452162870388204,1.4547837129611796,0.3125,0.53376533197051,1.2375,2.458,0.79
0,0.3220297181434002,1.6779702818565998,0.3816793893129771,0.5616454216582003,1.2588832487309645,2.757,0.67
0,0.4682932269230724,1.5317067730769276,0.3435114503816794,0.5437063736147736,1.2544529262086515,2.493,0.63
0,0.620918778238349,1.379081221761651,0.22758620689655173,0.4992678948454907,1.2299741602067182,2.62,0.85
0,0.5467613911168314,1.4532386088831686,0.21568627450980393,0.515253714092333,1.274869109947644,2.817,0.83
0,0.5967318114467814,1.4032681885532186,0.291970802919708,0.5083201732893204,1.2088772845953002,2.229,0.62
0,0.3911418079238518,1.6088581920761482,0.3870967741935484,0.5519374484422441,1.2853403141361257,3.0,0.81
0,0.6106494484231133,1.3893505515768867,0.25333333333333335,0.5152021640504176,1.2233250620347396,3.194,0.74
0,0.6294579478927429,1.370542052107257,0.38461538461538464,0.5616222683510851,1.2213930348258706,2.657,0.74
0,0.5989916090869558,1.4010083909130442,0.32061068702290074,0.5381708148739334,1.2474226804123711,2.549,0.69
0,0.4925966765233072,1.5074033234766928,0.28169014084507044,0.5223566327787534,1.267409470752089,2.803,0.9
0,0.7983065792462496,1.2016934207537504,0.36153846153846153,0.535670009312239,1.1822784810126583,2.314,0.75
0,0.571010939304686,1.428989060695314,0.24516129032258063,0.48542061680485277,1.2248062015503876,2.113,0.69
0,0.39485195946433715,1.6051480405356628,0.35036496350364965,0.5657942001497337,1.2396907216494846,2.643,0.7
0,0.564919020899193,1.435080979100807,0.4,0.5658232107515527,1.1892583120204603,2.278,0.59
0,0.5950387190462276,1.4049612809537724,0.3643410852713178,0.5405781052488406,1.1864406779661016,2.592,0.69
0,0.4366436203447961,1.563356379655204,0.3013698630136986,0.5031412536611666,1.2746113989637307,3.056,0.75
0,0.5035864627810003,1.4964135372189997,0.26573426573426573,0.5403898990643541,1.2632911392405064,3.347,0.77
0,0.5617115718357517,1.4382884281642483,0.2638888888888889,0.5565755131334006,1.1984732824427482,2.845,0.86
0,0.6691990364175833,1.3308009635824167,0.35398230088495575,0.5650798393453024,1.228494623655914,2.648,0.68
0,0.7305206608061106,1.2694793391938894,0.302158273381295,0.5229478587236991,1.2122762148337596,2.629,0.82
0,0.6396313898832926,1.3603686101167074,0.3262411347517731,0.531315869711486,1.2031662269129288,2.671,0.74
0,0.7256440421773618,1.2743559578226382,0.3,0.5227458021485278,1.1955445544554455,2.157,0.63
0,0.557889158562924,1.442110841437076,0.4015748031496063,0.5409970081507725,1.2604166666666667,2.857,0.75
0,0.6776820357319884,1.3223179642680116,0.44881889763779526,0.5668504416697423,1.205,2.286,0.64
0,0.5819298087841405,1.4180701912158595,0.32116788321167883,0.5204660095357504,1.2918918918918918,2.746,0.79
0,0.7543129160679165,1.2456870839320835,0.36,0.5667637144223453,1.208232445520581,2.451,0.6
0,0.5997811924416874,1.4002188075583126,0.3082706766917293,0.5437145719008085,1.2390745501285347,2.479,0.67
0,0.44448558418837325,1.5555144158116267,0.30708661417322836,0.5667549156331079,1.2905759162303665,2.486,0.79
0,0.5460471100277888,1.4539528899722112,0.3076923076923077,0.5625560470789855,1.268041237113402,2.915,0.82
0,0.4683622407952279,1.531637759204772,0.4166666666666667,0.574493092314491,1.2431077694235588,2.915,0.69
0,0.7163228796162222,1.2836771203837778,0.39344262295081966,0.5516652999735702,1.2173913043478262,3.055,0.7
0,0.12407774528285231,1.8759222547171477,0.2808219178082192,0.5577914610317979,1.2710526315789474,3.814,0.97
0,0.44334537105867633,1.5566546289413237,0.328125,0.5520510440804014,1.2729591836734695,3.192,1.02
0,0.5858775469174085,1.4141224530825915,0.33064516129032256,0.5673463928605853,1.2122015915119364,3.657,0.87
0,0.09715413492659453,1.9028458650734055,0.19014084507042253,0.48101395454902174,1.3461538461538463,3.153,1.07
0,0.3235626440428536,1.6764373559571464,0.3014705882352941,0.5419210910396197,1.2911051212938005,4.043,0.73
0,0.06608132672725908,2.066081326727259,0.22448979591836735,0.48533409117909665,1.4364161849710984,4.528,0.79
0,0.0028433410605006593,2.0028433410605007,0.2229299363057325,0.5119542330763196,1.3060109289617485,2.957,0.98
0,0.44444553214744253,1.5555544678525575,0.2753623188405797,0.5193487871523244,1.2619047619047619,3.575,0.86
0,0.48404665503562994,1.51595334496437,0.2932330827067669,0.5294213250768794,1.2905759162303665,3.042,0.8
0,0.5999152370426966,1.4000847629573034,0.48214285714285715,0.5793862751094282,1.2133995037220844,2.62,0.68
0,0.20358724134202055,1.7964127586579794,0.2676056338028169,0.5317620208507547,1.3070422535211268,3.324,0.97
0,0.36957820636179983,1.6304217936382002,0.35714285714285715,0.540059664298384,1.2592592592592593,4.171,0.72
0,0.08667132590392423,1.9133286740960758,0.23846153846153847,0.5394991174595488,1.3695014662756597,3.871,0.88
0,0.334825239882933,1.665174760117067,0.21568627450980393,0.5074468933858416,1.2794871794871794,4.143,0.75
0,0.3175512873122006,1.6824487126877994,0.14193548387096774,0.5039199934497574,1.2983870967741935,3.761,0.85
0,0.5798082261814181,1.4201917738185819,0.24666666666666667,0.5306642548702699,1.2088452088452089,4.056,0.79
0,0.23539066594219227,1.7646093340578077,0.21333333333333335,0.5120980252992078,1.3567415730337078,3.472,1.02
0,0.18544894865787365,2.1854489486578736,0.20915032679738563,0.51979127472957,1.3949579831932772,3.836,0.87
0,0.33708552167188843,1.6629144783281116,0.2206896551724138,0.49727847993893115,1.3419540229885059,3.732,0.77
0,0.40525086495922436,1.5947491350407756,0.2734375,0.5307177423798253,1.296195652173913,3.371,0.87
0,0.5434203969038991,1.456579603096101,0.371900826446281,0.5463305372186883,1.2802056555269923,2.643,0.74
0,0.28530514891368064,1.7146948510863194,0.265625,0.5391899636911567,1.3362068965517242,3.514,0.9
0,0.1007997523495785,1.8992002476504215,0.24183006535947713,0.49384037092078514,1.335164835164835,4.143,0.84
0,0.3598310215482188,1.6401689784517812,0.2535211267605634,0.5384454931920798,1.2650273224043715,4.083,0.75
0,0.5527185127048484,1.4472814872951516,0.30597014925373134,0.5463448265567276,1.2661498708010337,2.757,0.71
0,0.4807039192990312,1.5192960807009688,0.3235294117647059,0.5365472168639144,1.261658031088083,2.775,0.76
0,0.6596636101140823,1.3403363898859177,0.3739130434782609,0.5753451165478902,1.256544502617801,2.529,0.68
0,0.48371177219851913,1.5162882278014809,0.3445378151260504,0.57055730614166,1.2883116883116883,2.457,0.61
0,0.6445689616825789,1.355431038317421,0.3684210526315789,0.5638608536388143,1.2696335078534031,2.268,0.58
0,0.6227461414931148,1.3772538585068852,0.336,0.5682898383103254,1.2455696202531645,2.569,0.73
0,0.4384144501990901,1.56158554980091,0.25675675675675674,0.5169223075924668,1.2808398950131235,2.329,0.58
0,0.6893894794115016,1.3106105205884984,0.4672897196261682,0.5862132686406317,1.255813953488372,2.529,0.65
0,0.8264341086023819,1.1735658913976181,0.3770491803278688,0.5613593630811603,1.1916461916461916,2.62,0.72
0,0.7234478422350317,1.2765521577649683,0.36134453781512604,0.5746103741115357,1.2144638403990025,2.577,0.62
0,0.6055417679470481,1.394458232052952,0.4666666666666667,0.554157804141385,1.2348484848484849,2.873,0.81
0,0.5802070020645829,1.4197929979354171,0.3333333333333333,0.5377120336831583,1.1964285714285714,3.5,0.7
0,0.4507686610499646,1.5492313389500354,0.3870967741935484,0.5464424178571831,1.2947368421052632,2.557,0.65
0,0.7257504988897037,1.2742495011102963,0.3358208955223881,0.5389638829307033,1.2040302267002518,3.029,0.72
0,0.5664989531663325,1.4335010468336675,0.3464566929133858,0.5654429759575631,1.2564102564102564,2.486,0.72
0,0.630346641176772,1.369653358823228,0.3384615384615385,0.551979251477033,1.2202970297029703,2.429,0.69
0,0.7725465820656823,1.2274534179343177,0.31746031746031744,0.5529784118452927,1.210126582278481,2.113,0.67
0,0.6429270429166731,1.3570729570833269,0.26356589147286824,0.50393922192899,1.261455525606469,2.957,0.77
0,0.5984511544605344,1.4015488455394656,0.24647887323943662,0.5200251577258646,1.2551020408163265,2.889,0.83
0,0.8236188596920964,1.1763811403079036,0.3484848484848485,0.5618949214275614,1.1531100478468899,3.129,0.7
0,0.5660221353064314,1.4339778646935686,0.2638888888888889,0.5317726427287895,1.2461139896373057,2.718,0.72
0,0.42931021111329315,1.5706897888867069,0.33858267716535434,0.5624574393149441,1.2743589743589743,2.629,0.66
0,0.6365739758671523,1.3634260241328477,0.30952380952380953,0.5240411035028466,1.2394736842105263,2.873,0.75
0,0.3850021806333723,1.6149978193666277,0.29770992366412213,0.5484518867991636,1.2816537467700257,2.843,0.71
0,0.39995611857894464,1.6000438814210554,0.2602739726027397,0.5053222714567365,1.2823218997361479,3.086,0.79
0,0.5565716535619598,1.4434283464380402,0.35833333333333334,0.5446681895615015,1.2447368421052631,2.714,0.74
0,0.44284442229427046,1.5571555777057295,0.2986111111111111,0.5215324455739828,1.2267002518891688,2.93,0.85
0,0.49767459155507066,1.5023254084449293,0.46153846153846156,0.5791132527213307,1.250632911392405,2.443,0.65
0,0.4193005404153758,1.5806994595846242,0.39097744360902253,0.548248379271605,1.2338308457711442,3.086,0.9
0,0.666218382427997,1.333781617572003,0.3643410852713178,0.5577036426028188,1.2156862745098038,2.986,0.79
0,0.4383300273381605,1.5616699726618395,0.2949640287769784,0.5229928001174038,1.2816537467700257,3.186,0.8
0,0.5893130484608797,1.4106869515391203,0.26143790849673204,0.5128523676628922,1.2216494845360826,3.042,0.8
0,0.49839368434535936,1.5016063156546406,0.34615384615384615,0.5568697976470252,1.25,2.614,0.6
0,0.32895094503943323,1.6710490549605668,0.31724137931034485,0.5205642554364287,1.3070652173913044,2.268,0.56
0,0.5601841139612735,1.4398158860387265,0.47413793103448276,0.571235867396728,1.26246719160105,2.667,0.61
0,0.585568502445416,1.414431497554584,0.3695652173913043,0.5365147326353177,1.218045112781955,2.667,0.68
0,0.49879085402926093,1.501209145970739,0.4144144144144144,0.5717054618409066,1.272972972972973,2.391,0.55
0,0.598351743782918,1.401648256217082,0.3875968992248062,0.5411381591442852,1.2139303482587065,2.714,0.78
0,0.241791373880488,1.758208626119512,0.2789115646258503,0.5282096054110698,1.3018867924528301,2.817,0.83
0,0.5161562959509713,1.4838437040490287,0.36,0.5344733251584008,1.271978021978022,2.971,0.75
0,0.7649718766585598,1.2350281233414402,0.368,0.5441976627903176,1.2382133995037221,2.87,0.62
0,0.5243630813842215,1.4756369186157785,0.3858267716535433,0.5361478739429746,1.2247474747474747,3.127,0.81
0,0.20345442462380925,1.7965455753761908,0.19548872180451127,0.5099753847098758,1.2935779816513762,4.516,0.59
0,0.13405003458369302,1.865949965416307,0.2191780821917808,0.5363571825931049,1.3149171270718232,4.563,0.69
0,0.48302984659858095,1.516970153401419,0.2540983606557377,0.5153599650048748,1.2715654952076678,4.656,0.51
0,0.21684740596626595,1.783152594033734,0.2553191489361702,0.4991863928591527,1.3105413105413106,4.656,0.51
0,0.3084977414702055,1.6915022585297945,0.24342105263157895,0.5278517262475456,1.2703412073490814,4.69,0.62
0,0.004947042894273945,2.004947042894274,0.2671232876712329,0.5107269966971275,1.4107648725212465,4.359,0.65
0,0.29503068395069487,1.7049693160493051,0.2605633802816901,0.5418473020549704,1.2967914438502675,4.535,0.61
0,0.23627990196090054,1.7637200980390995,0.23870967741935484,0.5081777347161316,1.2819843342036554,4.479,0.69
0,0.46967660825323976,1.5303233917467602,0.42727272727272725,0.5663657371668036,1.3,3.5,0.84
0,0.38865045245887764,1.6113495475411224,0.3384615384615385,0.5625832497030421,1.2722513089005236,4.889,0.43
0,0.21661454783083922,1.7833854521691608,0.3357664233576642,0.5729264359219544,1.2891246684350133,4.343,0.66
0,0.4926932851126855,1.5073067148873145,0.2536231884057971,0.5050695906807156,1.3076923076923077,1.375,0.52
0,0.4144512846672548,1.5855487153327452,0.2826086956521739,0.5544354438291036,1.2654639175257731,2.453,0.59
0,0.8711481624025124,1.1288518375974876,0.5555555555555556,0.6224008634207228,1.2040302267002518,1.586,0.58
0,0.6940699889603796,1.3059300110396204,0.33620689655172414,0.5585035371009186,1.2222222222222223,1.676,0.5
0,0.4271278202140172,1.5728721797859828,0.3484848484848485,0.5592652767761432,1.2475,3.125,0.75
0,0.5138455957609211,1.4861544042390789,0.2835820895522388,0.5746518531924395,1.2202072538860103,3.109,0.65
0,0.7516278500625633,1.2483721499374367,0.3023255813953488,0.5306098166701946,1.2261306532663316,3.125,0.75
0,0.784884104013827,1.215115895986173,0.29508196721311475,0.568119121249073,1.2095959595959596,2.338,0.74
0,0.4329716668249153,1.5670283331750847,0.2824427480916031,0.5746802112542317,1.2531969309462916,3.531,0.73
0,0.7653072164249757,1.2346927835750243,0.3253968253968254,0.5734302041994305,1.1912832929782082,2.5,0.71
0,0.5545163018925807,1.4454836981074193,0.38461538461538464,0.5923829594365386,1.2692307692307692,2.547,0.73
0,0.296795105751692,1.703204894248308,0.16783216783216784,0.5380803760550285,1.303191489361702,3.343,0.88
0,0.4928734270313533,1.5071265729686467,0.3008130081300813,0.5219277175211168,1.2536443148688046,4.032,0.77
0,0.4732279504706318,1.5267720495293682,0.25925925925925924,0.5453805193856484,1.2506393861892584,3.2,0.88
0,0.4608783220277912,1.5391216779722088,0.26153846153846155,0.5735325170708232,1.2427440633245384,3.056,0.77
0,0.43080702540225446,1.5691929745977455,0.26153846153846155,0.557691069731459,1.2606382978723405,2.9,0.82
0,0.649079179625706,1.350920820374294,0.2992125984251969,0.5555109036347322,1.2525773195876289,2.25,0.73
0,0.7315994717946159,1.268400528205384,0.3697478991596639,0.5849096372139774,1.2155388471177946,2.457,0.63
0,0.7070090282457924,1.2929909717542076,0.2231404958677686,0.5293624933830441,1.2100840336134453,2.3,0.73
0,0.5179028878781164,1.4820971121218836,0.3017241379310345,0.555866408265506,1.298342541436464,2.771,0.76
0,0.7903558710745149,1.2096441289254851,0.31724137931034485,0.5413722244814868,1.161592505854801,2.718,0.72
0,0.005889779456581312,1.9941102205434187,0.26618705035971224,0.501263446357944,1.3490304709141274,4.718,0.45
0,0.6753570232238713,1.3246429767761287,0.3684210526315789,0.5712230570126136,1.2425876010781671,2.873,0.74
0,0.5985355791585836,1.4014644208414164,0.302158273381295,0.5211671223260242,1.2531969309462916,3.114,0.91
0,0.5763880812407098,1.4236119187592902,0.2867647058823529,0.5406532331580124,1.2196969696969697,2.729,0.7
0,0.4744186478051098,1.5255813521948902,0.21014492753623187,0.5414543958377029,1.3002680965147453,3.296,0.8
0,0.6548636430187829,1.3451363569812171,0.3125,0.5624359621474682,1.2627551020408163,2.543,0.7
0,0.7055002323168336,1.2944997676831664,0.28888888888888886,0.5305245420483299,1.2468193384223918,2.743,0.76
0,0.7281071101036234,1.2718928898963766,0.4411764705882353,0.5832660176009083,1.251269035532995,2.186,0.49
0,0.7354191799947118,1.2645808200052882,0.3548387096774194,0.5502726541298752,1.2048780487804878,2.592,0.65
0,0.11943941077798992,1.88056058922201,0.2978723404255319,0.5355528506763558,1.3767313019390581,4.514,0.78
0,0.6617958632008374,1.3382041367991626,0.3511450381679389,0.551624692306991,1.2030075187969924,3.029,0.76
0,0.5965602819617526,1.4034397180382474,0.33858267716535434,0.5608358813944854,1.2456140350877194,2.54,0.64
0,0.6498974509350375,1.3501025490649625,0.2682926829268293,0.5750199269750439,1.2474489795918366,3.25,0.71
0,0.6078552547210054,1.3921447452789946,0.22916666666666666,0.5086819704216332,1.205655526992288,2.857,0.75
0,0.7488475784356705,1.2511524215643295,0.30158730158730157,0.5650279994430575,1.2087378640776698,2.352,0.63
0,0.7900185965034958,1.2099814034965042,0.4132231404958678,0.5843029664183805,1.162962962962963,2.486,0.65
0,0.5620815800900141,1.437918419909986,0.38461538461538464,0.5623083956821521,1.18854415274463,2.859,0.76
0,0.5043489991546946,1.4956510008453054,0.2857142857142857,0.5259883780170242,1.2567567567567568,2.324,0.6
0,0.656017436059491,1.343982563940509,0.29577464788732394,0.5458240161007955,1.167487684729064,2.929,0.8
0,0.814186433542543,1.185813566457457,0.3983739837398374,0.5633640134600244,1.1666666666666667,2.429,0.73
0,0.7971684566505239,1.202831543349476,0.3482142857142857,0.5646918093368263,1.2075,2.014,0.55
0,0.6656288995331376,1.3343711004668624,0.41904761904761906,0.589964781357309,1.2526315789473683,1.543,0.58
0,0.6478682706916481,1.352131729308352,0.3225806451612903,0.5264063041854659,1.217616580310881,2.211,0.63
0,0.6799195409085579,1.3200804590914421,0.4056603773584906,0.5803581809721114,1.2893258426966292,2.2,0.58
0,0.7170019746236465,1.2829980253763535,0.46296296296296297,0.6246593503472502,1.2258064516129032,1.901,0.64
0,0.776034697487227,1.223965302512773,0.4107142857142857,0.5584433100370745,1.199004975124378,2.817,0.74
0,0.7399095895100536,1.2600904104899464,0.4074074074074074,0.5825240962077958,1.1902313624678664,1.197,0.43
0,0.7366345480412226,1.2633654519587774,0.32786885245901637,0.555895084627913,1.2155844155844155,2.114,0.58
0,0.5734304452340109,1.4265695547659891,0.3486238532110092,0.5920101809729219,1.2433155080213905,2.127,0.44
0,0.5169163783894992,1.4830836216105008,0.3474576271186441,0.5852446313895592,1.248062015503876,2.521,0.69
0,0.665119927731844,1.334880072268156,0.4016393442622951,0.5827184546738287,1.2048780487804878,2.431,0.62
0,0.6163779018588278,1.3836220981411722,0.3559322033898305,0.5762799192913608,1.2213740458015268,2.457,0.67
0,0.8137551396186677,1.1862448603813323,0.3983050847457627,0.5697922636038738,1.1601941747572815,2.423,0.69
0,0.27660928746892766,1.7233907125310723,0.38461538461538464,0.5732626543135794,1.344213649851632,4.686,0.69
0,0.15399958365068733,1.8460004163493127,0.1895424836601307,0.4913996788526305,1.3015873015873016,4.38,0.7
0,0.37685466552099633,1.6231453344790037,0.358974358974359,0.551905079105333,1.3172804532577904,2.732,0.81
0,0.28047347443215154,1.7195265255678485,0.2631578947368421,0.5253278818639897,1.2813370473537604,4.831,0.41
0,0.6132044244591497,1.3867955755408503,0.38686131386861317,0.5701066492035669,1.1932367149758454,2.314,0.67
0,0.7040510286391402,1.2959489713608598,0.4144144144144144,0.5647126732345698,1.2474747474747474,2.493,0.69
0,0.3961678949810641,1.603832105018936,0.3383458646616541,0.5600631676816826,1.287598944591029,4.521,0.61
0,0.722366388002875,1.277633611997125,0.37719298245614036,0.5751745122501839,1.2181372549019607,2.431,0.67
0,0.8383533439709698,1.1616466560290302,0.4188034188034188,0.5828351495835332,1.1925925925925926,2.314,0.63
0,0.6207652984585967,1.3792347015414033,0.39823008849557523,0.5473985413392852,1.2613333333333334,1.931,0.54
0,0.3245247781868694,1.6754752218131306,0.3225806451612903,0.5662520012196204,1.350974930362117,2.257,0.67
0,0.34592009462474205,1.654079905375258,0.3333333333333333,0.5676620496663431,1.2774869109947644,4.329,0.7
0,0.7277606763147524,1.2722393236852476,0.344,0.5442028857440712,1.2493702770780857,2.507,0.75
0,0.6811243964006635,1.3188756035993365,0.3055555555555556,0.5266532423614496,1.2116788321167884,3.186,0.79
0,0.7937225936084675,1.2062774063915325,0.3203125,0.5563978289509248,1.183206106870229,2.271,0.68
0,0.710111459254195,1.289888540745805,0.30708661417322836,0.5425122125340044,1.2261306532663316,2.644,0.69
0,0.7617119996048312,1.2382880003951688,0.4473684210526316,0.597532324044968,1.205,2.514,0.63
0,0.6606170020084947,1.3393829979915053,0.26277372262773724,0.5239552386919026,1.2230576441102756,3.183,0.76
0,0.8882598423544295,1.1117401576455705,0.5102040816326531,0.6187727258244636,1.1870503597122302,2.043,0.58
0,0.7551788375549404,1.2448211624450596,0.38461538461538464,0.553420120844896,1.2373737373737375,2.479,0.61
0,0.17109422192451662,1.8289057780754834,0.19480519480519481,0.5348880713061863,1.3109919571045576,4.656,0.57
0,0.8460661231609501,1.15393387683905,0.4838709677419355,0.6235980653606995,1.2282051282051283,2.069,0.51
0,0.06231929731534791,1.937680702684652,0.2785714285714286,0.5311478659992485,1.3324324324324324,4.486,0.74
0,0.0709837521285237,1.9290162478714763,0.3178294573643411,0.5333436512426076,1.3775811209439528,4.671,0.72
0,0.5946945693337604,1.4053054306662396,0.30158730158730157,0.5589017954876833,1.2994652406417113,2.127,0.63
0,0.5412661558641743,1.4587338441358257,0.36065573770491804,0.5610260729480444,1.248062015503876,2.314,0.67
0,0.6653714607478893,1.3346285392521107,0.4766355140186916,0.5837565491661721,1.2295918367346939,2.141,0.66
0,0.2332224833267864,1.7667775166732136,0.2857142857142857,0.5394034653245213,1.3087071240105541,4.229,0.8
0,0.5447721664486658,1.4552278335513342,0.352,0.5258717762896953,1.2642487046632125,4.5,0.58
0,0.547687961848687,1.452312038151313,0.4214876033057851,0.5873622866105621,1.2092457420924574,2.306,0.64
0,0.2641835369792931,1.735816463020707,0.1935483870967742,0.4982144763266149,1.2853333333333334,4.31,0.71
0,0.6182755262892037,1.3817244737107963,0.43478260869565216,0.5786017206163878,1.2164179104477613,2.38,0.64
0,0.69030287490659,1.30969712509341,0.40869565217391307,0.5831539841686497,1.2263681592039801,2.366,0.62
0,0.5358763951809582,1.4641236048190418,0.4132231404958678,0.5835870937959173,1.2746113989637307,3.671,0.88
0,0.5872736449041691,1.4127263550958309,0.40384615384615385,0.6017432218598592,1.2532299741602067,2.324,0.6
0,0.6125760084820522,1.3874239915179478,0.41228070175438597,0.5829745183811186,1.2179836512261581,2.6,0.73
0,0.6547414223967121,1.345258577603288,0.29457364341085274,0.5462459575516724,1.184143222506394,2.634,0.7
0,0.4874489269548197,1.5125510730451803,0.33064516129032256,0.5746271642570147,1.231958762886598,2.729,0.76
0,0.6225674162557051,1.377432583744295,0.2642857142857143,0.5302055941337274,1.2411167512690355,2.0,0.61
0,0.661090748065488,1.338909251934512,0.28205128205128205,0.5393679634033268,1.2225519287833828,2.549,0.73
0,0.5956444235246849,1.404355576475315,0.4351851851851852,0.5926459914568599,1.257372654155496,2.014,0.65
0,0.5781659400400778,1.4218340599599222,0.3170731707317073,0.5590840302555216,1.272,2.671,0.74
0,0.8389333813179758,1.1610666186820242,0.3392857142857143,0.5659452410605657,1.2111959287531806,2.143,0.57
0,0.5687212956863403,1.4312787043136597,0.31092436974789917,0.5933689406887704,1.263157894736842,4.443,0.71
0,0.5809558863105888,1.4190441136894112,0.36764705882352944,0.5343011984279533,1.2416452442159382,1.986,0.55
0,0.6400988489172319,1.359901151082768,0.319672131147541,0.5799780318825288,1.2461538461538462,2.694,0.7
0,0.5098758021698173,1.4901241978301827,0.36,0.5887524002939969,1.2637075718015667,2.789,0.79
0,0.7464547688197272,1.2535452311802728,0.423728813559322,0.5741954285515145,1.1675,2.662,0.81
0,0.5510878817538696,1.4489121182461304,0.2638888888888889,0.5271263758499292,1.2305764411027569,2.871,0.72
0,0.609363470219074,1.390636529780926,0.2661290322580645,0.5519393570461564,1.217032967032967,2.451,0.67
0,0.6451086273988529,1.3548913726011471,0.3120567375886525,0.5127185423353109,1.235897435897436,4.6,0.75
0,0.5404025861810846,1.4595974138189154,0.29357798165137616,0.5365141737889194,1.2904290429042904,3.286,0.89
0,0.3641323472780862,1.6358676527219138,0.24812030075187969,0.5512640382777553,1.3279569892473118,2.366,0.7
0,0.5405963026326901,1.45940369736731,0.3770491803278688,0.5846902788067543,1.2398989898989898,2.143,0.62
0,0.6652917539954775,1.3347082460045225,0.29927007299270075,0.5499778435872688,1.1924050632911392,2.471,0.68
0,0.8910163009132936,1.1089836990867064,0.3448275862068966,0.556957239019282,1.1755725190839694,2.243,0.62
0,0.5344000654142713,1.4655999345857287,0.32608695652173914,0.5368198184080615,1.2244389027431422,2.62,0.7
0,0.7321569752257098,1.2678430247742902,0.3983739837398374,0.5515337244348298,1.18854415274463,2.3,0.62
0,0.6782648498804535,1.3217351501195465,0.3577981651376147,0.5616976258985793,1.2422535211267605,1.859,0.57
0,0.6733147444309768,1.3266852555690232,0.35507246376811596,0.5650603715496966,1.174641148325359,2.507,0.71
0,0.7123137203574106,1.2876862796425894,0.32231404958677684,0.5548837694157955,1.2105263157894737,2.845,0.69
0,0.6549309772158831,1.3450690227841169,0.25675675675675674,0.5057393634565063,1.2578947368421052,2.957,0.77
0,0.6733912975384306,1.3266087024615694,0.44545454545454544,0.5787911565782651,1.2194513715710724,2.514,0.7
0,0.4928173128601099,1.5071826871398901,0.362962962962963,0.5419757899473198,1.248041775456919,2.486,0.65
0,0.6529687477995954,1.3470312522004046,0.32231404958677684,0.5727690895020892,1.2237196765498652,2.671,0.63
0,0.584170075687926,1.415829924312074,0.3,0.5230401963602291,1.218045112781955,1.972,0.51
0,0.7144539710197859,1.285546028980214,0.391304347826087,0.5336550768275921,1.2122015915119364,2.028,0.51
0,0.5242979431883581,1.475702056811642,0.3656716417910448,0.538689621793666,1.2415584415584415,2.743,0.76
0,0.5209548006014371,1.479045199398563,0.3253968253968254,0.560144797276202,1.2398989898989898,2.514,0.7
0,0.48113051002941387,1.5188694899705861,0.2867647058823529,0.5255516369560445,1.3089430894308942,3.171,0.74
0,0.7252183191073989,1.2747816808926011,0.3217391304347826,0.5386549657103438,1.2821917808219179,2.343,0.7
0,0.3723931138288654,1.6276068861711346,0.2631578947368421,0.5052152568710035,1.2988505747126438,2.286,0.64
0,0.7037042212720324,1.2962957787279676,0.3770491803278688,0.554799991819221,1.2351421188630491,2.286,0.64
0,0.7321929803996596,1.2678070196003404,0.44660194174757284,0.6088850670934468,1.2191435768261965,2.183,0.52
0,0.6146627041867652,1.3853372958132348,0.3770491803278688,0.5704534839990192,1.2,2.943,0.83
0,0.6744457300773561,1.325554269922644,0.49122807017543857,0.607536388146464,1.2079207920792079,2.243,0.62
0,0.4191210388835971,1.580878961116403,0.32231404958677684,0.5627838970302275,1.267379679144385,3.819,0.84
0,0.7883818621560204,1.2116181378439796,0.4036697247706422,0.5940755537127286,1.169620253164557,2.857,0.73
0,0.583740699463847,1.416259300536153,0.31746031746031744,0.5390519515849953,1.2128205128205127,2.557,0.69
0,0.5509646864146607,1.4490353135853393,0.3409090909090909,0.5330896879368568,1.2697201017811706,3.357,0.7
0,0.25280523452997206,1.747194765470028,0.32142857142857145,0.5453745993395166,1.2972972972972974,2.746,0.77
0,0.5774808764162485,1.4225191235837515,0.33587786259541985,0.5372932540223029,1.2363636363636363,2.157,0.61
0,0.6820034955386676,1.3179965044613324,0.3904761904761905,0.5876133313563899,1.2216358839050132,2.282,0.59
0,0.6869299340917052,1.3130700659082948,0.48,0.5808568918537761,1.2777777777777777,2.347,0.67
0,0.7712203990884923,1.2287796009115077,0.423728813559322,0.5725268636571844,1.215736040609137,2.757,0.73
0,0.5826184647488046,1.4173815352511954,0.4214876033057851,0.5691281711770693,1.2443324937027709,2.452,0.65
0,0.8378281820677396,1.1621718179322604,0.40540540540540543,0.5670185521500155,1.1687657430730478,2.096,0.6
0,0.7093650845033157,1.2906349154966843,0.26973684210526316,0.5032364126736171,1.230379746835443,1.857,0.6
0,0.6423675347836619,1.357632465216338,0.272,0.5321570445929603,1.2578125,2.507,0.69
0,0.7392044038816323,1.2607955961183677,0.4017094017094017,0.5517846281856025,1.2081218274111676,2.451,0.69
0,0.6623977942088417,1.3376022057911583,0.36153846153846153,0.5671272769937866,1.2278481012658229,3.0,0.79
0,0.7564434133904792,1.2435565866095208,0.33587786259541985,0.5510217320732309,1.2072538860103628,2.264,0.67
0,0.9319448615799049,1.0680551384200951,0.42201834862385323,0.5711513829236955,1.1867321867321867,2.057,0.59
0,0.7291333860706006,1.2708666139293994,0.3888888888888889,0.5926019137973433,1.2231404958677685,2.486,0.65
0,0.7116950756695484,1.2883049243304516,0.46846846846846846,0.5940849489110543,1.2044334975369457,2.386,0.64
0,0.6312540360647165,1.3687459639352835,0.3524590163934426,0.5822864753097468,1.2277227722772277,2.114,0.63
0,0.8046173911126255,1.1953826088873745,0.5463917525773195,0.6146454955215054,1.1706730769230769,2.057,0.51
0,0.5831359262715039,1.416864073728496,0.32061068702290074,0.5578621597068202,1.2171717171717171,2.451,0.58
0,0.7806545726240377,1.2193454273759623,0.30833333333333335,0.5347622167955258,1.2030456852791878,1.775,0.66
0,0.5317938318590658,1.4682061681409342,0.384,0.5532108908751351,1.2704081632653061,2.521,0.69
0,0.7684006499311011,1.2315993500688989,0.4537037037037037,0.5964618687332937,1.1838235294117647,2.257,0.63
0,0.8628922954779752,1.1371077045220248,0.5116279069767442,0.6183132040764969,1.1884422110552764,1.653,0.65
0,0.7512162913449991,1.2487837086550009,0.35185185185185186,0.5965772345480423,1.2027027027027026,2.042,0.66
0,0.81405960078316,1.18594039921684,0.4083333333333333,0.5824097590628269,1.1857142857142857,2.042,0.57
0,0.7269084964597736,1.2730915035402264,0.304,0.5567360319680767,1.211340206185567,2.543,0.67
0,0.5358131783604558,1.4641868216395442,0.37209302325581395,0.5718958833875493,1.24,3.282,0.94
0,0.6434135654747783,1.3565864345252217,0.39669421487603307,0.5646219783700427,1.2402088772845954,2.239,0.69
0,0.7125807486436198,1.2874192513563802,0.44761904761904764,0.6085952868961312,1.2205882352941178,2.083,0.62
0,0.62182411287126,1.37817588712874,0.33070866141732286,0.5715264244825753,1.228643216080402,2.2,0.67
0,0.7527515888491143,1.2472484111508857,0.41964285714285715,0.5774075204435907,1.1882640586797066,2.329,0.7
0,0.42391466750492324,1.5760853324950768,0.36885245901639346,0.5736905952160389,1.2704081632653061,2.722,0.74
0,0.2948208484190884,1.7051791515809116,0.3358208955223881,0.5484325403519916,1.2652519893899203,2.408,0.71
0,0.625293750512411,1.374706249487589,0.3643410852713178,0.5595547251330621,1.2128205128205127,3.306,0.74
0,0.6760675481551559,1.323932451844844,0.4067796610169492,0.5610114203778916,1.2339331619537275,2.514,0.72
0,0.5643676435513747,1.4356323564486253,0.35714285714285715,0.5870674238137323,1.2271604938271605,2.329,0.53
0,0.363446880658556,1.636553119341444,0.3382352941176471,0.557931592589775,1.230379746835443,1.803,0.6
0,0.5875668430049421,1.412433156995058,0.31343283582089554,0.552268050859363,1.221105527638191,3.014,0.86
0,0.6155720426266056,1.3844279573733944,0.3157894736842105,0.5588545637401302,1.236180904522613,1.875,0.58
0,0.6832483191654646,1.3167516808345354,0.41964285714285715,0.5898022559257712,1.198019801980198,2.343,0.59
0,0.735972900396392,1.264027099603608,0.3790322580645161,0.5705250020139674,1.1895261845386533,2.296,0.6
0,0.7328144451794467,1.2671855548205533,0.35772357723577236,0.5434056808617128,1.227621483375959,2.042,0.6
0,0.7773527632730246,1.2226472367269754,0.43119266055045874,0.5824716883898442,1.231362467866324,1.914,0.56
0,0.8039977256607365,1.1960022743392635,0.47619047619047616,0.5931873204978207,1.2192118226600985,2.157,0.53
0,0.7183425361853604,1.2816574638146396,0.34545454545454546,0.5722178215887269,1.228287841191067,2.286,0.64
0,0.7624100119708563,1.2375899880291437,0.46551724137931033,0.5967950934463552,1.1662404092071612,2.171,0.61
0,0.7433345446668917,1.2566654553331083,0.49504950495049505,0.6116820489828686,1.2270408163265305,2.357,0.59
0,0.48278657938306657,1.5172134206169334,0.39855072463768115,0.5461352010386621,1.2181372549019607,2.286,0.7
0,0.5580061905122786,1.4419938094877214,0.32558139534883723,0.5499088592452102,1.2741514360313315,2.929,0.82
0,0.7157794299856413,1.2842205700143587,0.3582089552238806,0.5424140399687243,1.1464019851116625,2.653,0.73
0,0.7344104939976224,1.2655895060023776,0.3474576271186441,0.5745069883660643,1.2058823529411764,3.028,0.72
0,0.6757023502657657,1.3242976497342343,0.36936936936936937,0.5645615613004457,1.2278481012658229,2.423,0.62
0,0.6532940606518809,1.346705939348119,0.4067796610169492,0.5586179391396595,1.2123655913978495,2.414,0.67
0,0.5386651197274164,1.4613348802725836,0.2857142857142857,0.5178301646496106,1.2992125984251968,2.757,0.88
0,0.49030032711060567,1.5096996728893943,0.3697478991596639,0.5401267729524557,1.2569832402234637,3.282,0.93
0,0.6717003866487878,1.3282996133512122,0.43333333333333335,0.5858190716828691,1.1970074812967582,2.319,0.6
0,0.6215590688552639,1.378440931144736,0.31746031746031744,0.5338430825363619,1.260387811634349,2.0,0.65
0,0.8828592204052699,1.1171407795947301,0.36585365853658536,0.5578627238946448,1.2156862745098038,2.529,0.61
0,0.5801767845012737,1.4198232154987263,0.319672131147541,0.5598572733235108,1.2222222222222223,2.7,0.77
0,0.7474034661491591,1.252596533850841,0.288,0.5365999397168114,1.2227848101265824,2.486,0.63
0,0.5762905962289775,1.4237094037710225,0.3488372093023256,0.5411939551805502,1.2531645569620253,2.3,0.64
0,0.6071578699572542,1.3928421300427458,0.3474576271186441,0.5386557837708446,1.2591623036649215,2.986,0.85
0,0.8477425839158079,1.152257416084192,0.42857142857142855,0.5943025353287269,1.1780104712041886,2.614,0.79
0,0.6901979757471826,1.3098020242528174,0.3779527559055118,0.5668285094271787,1.1813725490196079,2.597,0.71
0,0.5046332901835526,1.4953667098164474,0.4336283185840708,0.5986647544397772,1.226775956284153,2.286,0.66
0,0.5998475391293272,1.4001524608706728,0.4049586776859504,0.5793522303796287,1.2097560975609756,2.7,0.77
0,0.6426329723754334,1.3573670276245666,0.37593984962406013,0.5708866632757925,1.2307692307692308,3.214,0.85
0,0.5067728815086279,1.4932271184913721,0.3445378151260504,0.5643281137002415,1.297082228116711,3.071,0.71
0,0.7350428269312821,1.264957173068718,0.34306569343065696,0.5474310854004367,1.1646778042959427,2.214,0.68
0,0.6151951431173865,1.3848048568826135,0.2847682119205298,0.5154809494982958,1.2110552763819096,2.535,0.67
0,0.5784576334605223,1.4215423665394777,0.2689655172413793,0.5159445817732997,1.2044887780548628,2.771,0.75
0,0.47396166736224066,1.5260383326377593,0.2185430463576159,0.5199106915602044,1.2619047619047619,3.07,0.76
0,0.6906131173543815,1.3093868826456185,0.4065040650406504,0.5438822233620878,1.2322404371584699,1.957,0.62
0,0.7474881883346545,1.2525118116653455,0.39655172413793105,0.579560341764048,1.2252475247524752,2.296,0.64
0,0.5502940352440424,1.4497059647559576,0.35036496350364965,0.5612245403434007,1.2384615384615385,2.757,0.71
0,0.633597871936302,1.366402128063698,0.30985915492957744,0.4917726797323159,1.2564766839378239,3.274,0.79
0,0.7203528696738717,1.2796471303261283,0.36,0.5536787743047608,1.2369077306733167,1.914,0.61
0,0.8070581570632602,1.1929418429367398,0.4067796610169492,0.5593202254207844,1.1876543209876542,2.211,0.65
0,0.7068565105160936,1.2931434894839064,0.31666666666666665,0.5497273691045872,1.2252475247524752,2.38,0.64
0,0.7437697445225588,1.2562302554774412,0.33962264150943394,0.5654787865989452,1.1864406779661016,2.31,0.73
0,0.6306380559063054,1.3693619440936946,0.3333333333333333,0.5788921109360812,1.213032581453634,2.69,0.67
0,0.6641796499936639,1.3358203500063361,0.40336134453781514,0.5690770230128283,1.2313829787234043,3.543,0.72
0,0.6886763146073958,1.3113236853926042,0.33613445378151263,0.5833038813207163,1.1905940594059405,2.4,0.6
0,0.686716037462358,1.313283962537642,0.328,0.5476830537376566,1.1757425742574257,2.271,0.61
0,0.7121343246817384,1.2878656753182616,0.36220472440944884,0.5641054563725938,1.2344139650872819,2.181,0.61
0,0.7633694188685052,1.2366305811314948,0.31343283582089554,0.5451105046683721,1.201995012468828,2.639,0.66
0,0.795150444035114,1.204849555964886,0.3486238532110092,0.5612542417962033,1.2371134020618557,2.3,0.57
0,0.7636295876312111,1.2363704123687889,0.3779527559055118,0.561661812764608,1.1897018970189701,3.056,0.79
0,0.875163819367272,1.124836180632728,0.4380952380952381,0.6002105768176379,1.19280205655527,1.914,0.5
0,0.7159089678284762,1.2840910321715238,0.36923076923076925,0.5613324056449945,1.1761904761904762,3.111,0.74
0,0.6542119055585498,1.3457880944414502,0.415929203539823,0.5544999657229454,1.2443890274314215,2.69,0.73
0,0.437175608315564,1.562824391684436,0.36507936507936506,0.5794089929929714,1.2835051546391754,2.944,0.81
0,0.7943593547746224,1.2056406452253776,0.36752136752136755,0.562168105545664,1.202970297029703,2.113,0.62
0,0.4268873200240313,1.5731126799759687,0.3220338983050847,0.5514608606150387,1.2952646239554317,2.543,0.7
0,0.6884640263832014,1.3115359736167986,0.3153846153846154,0.5402457284811415,1.1918465227817745,1.771,0.57
0,0.5394456244103776,1.4605543755896224,0.3409090909090909,0.5751899079301411,1.2287917737789202,2.186,0.62
0,0.7249421964490765,1.2750578035509235,0.44144144144144143,0.5769249448523656,1.2121212121212122,2.889,0.78
0,0.7709591168318386,1.2290408831681614,0.4636363636363636,0.5801625274583205,1.238961038961039,1.871,0.7
0,0.6703104945446625,1.3296895054553375,0.31932773109243695,0.529779193046065,1.209366391184573,2.778,0.74
0,0.6596595397275762,1.3403404602724238,0.36363636363636365,0.5574441825414663,1.2047872340425532,2.786,0.76
0,0.7997730108425518,1.2002269891574482,0.44144144144144143,0.5912675477416189,1.2133995037220844,2.214,0.63
0,0.5946045110689779,1.405395488931022,0.38333333333333336,0.5775194306952319,1.2305699481865284,2.686,0.73
0,0.7920843095854428,1.2079156904145572,0.33613445378151263,0.5271654772560209,1.2459893048128343,3.789,0.77
0,0.647357809075382,1.352642190924618,0.425,0.577111710013218,1.2063882063882063,2.028,0.56
0,0.6729586482842045,1.3270413517157955,0.40540540540540543,0.5807590384402729,1.221105527638191,3.099,0.8
0,0.5069747926102293,1.4930252073897707,0.36666666666666664,0.6029921566187786,1.2164948453608246,2.157,0.61
0,0.5954917487963913,1.4045082512036087,0.2923076923076923,0.5620137014916151,1.2253164556962026,2.408,0.71
0,0.8934405381374364,1.1065594618625636,0.43010752688172044,0.6039246079045167,1.1580381471389645,2.028,0.53
0,0.6511445754033574,1.3488554245966426,0.3170731707317073,0.579517418624882,1.2598425196850394,2.757,0.84
0,0.7467075518063764,1.2532924481936236,0.3103448275862069,0.5628657435325966,1.2659846547314577,2.324,0.71
0,0.4544865234330895,1.5455134765669105,0.18238993710691823,0.5259032741305777,1.2493506493506494,2.671,0.65
0,0.516295295770002,1.483704704229998,0.3007518796992481,0.5784116416882207,1.2295918367346939,3.429,0.91
0,0.6168799132919545,1.3831200867080455,0.24305555555555555,0.5249648767932611,1.2894056847545219,2.986,0.86
0,0.5826937086736641,1.417306291326336,0.34146341463414637,0.5725331732927159,1.2704081632653061,2.918,0.8
0,0.6389278614171774,1.3610721385828226,0.4215686274509804,0.583516864822204,1.2686170212765957,2.2,0.63
0,0.737412469596394,1.262587530403606,0.32142857142857145,0.5521127743788506,1.1785714285714286,2.606,0.73
0,0.6379549660378623,1.3620450339621377,0.35,0.5874404275758359,1.193798449612403,1.857,0.62
0,0.5950698611813874,1.4049301388186126,0.2773722627737226,0.560287427184325,1.213740458015267,2.625,0.66
0,0.7300455753968853,1.2699544246031147,0.3,0.570504700840765,1.2253164556962026,2.386,0.75
0,0.608306535445412,1.391693464554588,0.3049645390070922,0.532869152129308,1.21760391198044,3.056,0.91
0,0.43103217723236065,1.5689678227676394,0.24427480916030533,0.5350616066648445,1.2677595628415301,2.943,0.88
0,0.6770883481745635,1.3229116518254365,0.4358974358974359,0.5902749244178059,1.2081218274111676,2.732,0.83
0,0.7932544437874443,1.2067455562125557,0.47619047619047616,0.5908108687954827,1.1868932038834952,2.042,0.69
0,0.7370535180532654,1.2629464819467346,0.3492063492063492,0.5911006694126647,1.180722891566265,2.183,0.64
0,0.5681178144088244,1.4318821855911756,0.33980582524271846,0.5740009398200778,1.249211356466877,3.028,0.81
0,0.5821560289801946,1.4178439710198054,0.2366412213740458,0.546542014485844,1.2891891891891891,3.057,0.76
0,0.7453813804016214,1.2546186195983786,0.256,0.5688549759493673,1.2118226600985222,1.986,0.64
0,0.6891183364610358,1.3108816635389642,0.23076923076923078,0.5545484810930614,1.2063882063882063,2.452,0.65
0,0.6744393090162288,1.3255606909837712,0.4067796610169492,0.5841540613504278,1.19559902200489,2.643,0.8
0,0.6778765239855231,1.3221234760144769,0.2446043165467626,0.5446569245582793,1.1507177033492824,2.043,0.58
0,0.728008557420518,1.271991442579482,0.25925925925925924,0.5347745955118627,1.265625,2.529,0.7
0,0.6581189538119121,1.341881046188088,0.33884297520661155,0.5782021605101249,1.227154046997389,2.333,0.75
0,0.6395892992191439,1.3604107007808561,0.35766423357664234,0.5640679729828929,1.2014563106796117,2.229,0.62
0,0.5593241149439043,1.4406758850560957,0.3482142857142857,0.5854434442410416,1.2339331619537275,2.986,0.83
0,0.45863633295522277,1.5413636670447772,0.2706766917293233,0.5363291786102256,1.2474489795918366,2.648,0.81
0,0.48743194181560456,1.5125680581843954,0.24475524475524477,0.5243068832864946,1.2541436464088398,3.431,0.8
0,0.5022629184067855,1.4977370815932145,0.30158730158730157,0.5228169228836417,1.2770083102493075,4.718,0.66
0,0.383585655736151,1.616414344263849,0.2898550724637681,0.5302062889973124,1.2720207253886011,4.803,0.5
0,0.6195520210905254,1.3804479789094746,0.31386861313868614,0.559726783842919,1.2236180904522613,2.371,0.71
0,0.7827257855430734,1.2172742144569266,0.42990654205607476,0.5757225999349539,1.2055837563451777,2.282,0.61
0,0.6412237986958487,1.3587762013041513,0.3333333333333333,0.5686045048876052,1.2412060301507537,2.338,0.63
0,0.8223515435568798,1.1776484564431202,0.38333333333333336,0.5783405438172062,1.1585365853658536,2.082,0.66
0,0.7541525402051616,1.2458474597948384,0.4636363636363636,0.5983526193306493,1.199501246882793,2.343,0.63
0,0.580222340383753,1.419777659616247,0.3826086956521739,0.55476872888071,1.2982954545454546,2.437,0.65
0,0.4876645026582034,1.5123354973417966,0.25735294117647056,0.5382359632251253,1.2675324675324675,3.465,0.73
0,0.5937886740411769,1.4062113259588231,0.3360655737704918,0.5861142564633008,1.2462311557788945,3.529,0.72
0,0.4203875983525833,1.5796124016474167,0.16993464052287582,0.4629291518971573,1.3258426966292134,3.394,0.76
0,0.6668143353120233,1.3331856646879767,0.336,0.5887605164085009,1.2004950495049505,2.746,0.75
0,0.46694169639821115,1.5330583036017889,0.33858267716535434,0.5705026238814978,1.2585751978891822,3.129,0.76
0,0.7612258708838742,1.2387741291161258,0.411214953271028,0.5894877302780762,1.2097186700767264,2.292,0.72
0,0.7149688508094851,1.2850311491905149,0.36363636363636365,0.5456424586853834,1.2421875,2.563,0.67
0,0.6609804045792704,1.3390195954207296,0.31007751937984496,0.5422536883230947,1.1931540342298288,2.457,0.63
0,0.6233799114518275,1.3766200885481725,0.32,0.5632760749031395,1.2113022113022114,2.268,0.61
0,0.6383469226375573,1.3616530773624427,0.36220472440944884,0.5972721834366335,1.2015113350125946,2.343,0.68
0,0.6174771267232746,1.3825228732767254,0.3484848484848485,0.5676151761421805,1.2448453608247423,3.214,0.7
0,0.5518264647409692,1.4481735352590308,0.3153846153846154,0.589687135595731,1.2156862745098038,2.443,0.61
0,0.5160223280310483,1.4839776719689517,0.2677165354330709,0.5162452528028377,1.2979942693409743,2.042,0.75
0,0.7521391429977409,1.2478608570022591,0.37593984962406013,0.5529167243671063,1.1822541966426858,2.7,0.77
0,0.3431236986639066,1.6568763013360934,0.3013698630136986,0.5421021592657543,1.2785145888594165,2.043,0.62
0,0.6944961187501983,1.3055038812498017,0.3728813559322034,0.5512197839076368,1.2440318302387268,2.761,0.76
0,0.6374491281086654,1.3625508718913346,0.2753623188405797,0.5229632081972672,1.2653061224489797,1.843,0.61
0,0.7243335131559381,1.275666486844062,0.5612244897959183,0.5999678551337799,1.236180904522613,2.071,0.62
0,0.5012883913397583,1.4987116086602417,0.2714285714285714,0.5322951274742855,1.2430379746835443,2.0,0.61
0,0.7129575679712541,1.287042432028746,0.43636363636363634,0.6123384441949973,1.2703412073490814,2.257,0.67
0,0.7991552912484525,1.2008447087515475,0.3275862068965517,0.5691515313428144,1.193029490616622,2.429,0.79
0,0.6713251161851863,1.3286748838148137,0.36752136752136755,0.5578800196230486,1.2455242966751918,1.657,0.59
0,0.7242833454777504,1.2757166545222496,0.29838709677419356,0.5307803926592154,1.2093023255813953,2.268,0.63
0,0.6118215208096207,1.3881784791903793,0.34285714285714286,0.5468946507177556,1.2769230769230768,1.571,0.53
0,0.6928172346710595,1.3071827653289405,0.2900763358778626,0.5413686141447918,1.2043010752688172,2.343,0.72
0,0.586623992757338,1.413376007242662,0.29545454545454547,0.5676900584209214,1.1994535519125684,1.817,0.57
0,0.6051142630376978,1.3948857369623022,0.3951612903225806,0.5635730541016937,1.230971128608924,2.775,0.81
0,0.5412497603515061,1.458750239648494,0.4491525423728814,0.5884348749807181,1.2233250620347396,2.714,0.7
0,0.524420134393351,1.475579865606649,0.3188405797101449,0.5172109741849162,1.2408376963350785,3.239,0.73
0,0.6757430416354422,1.3242569583645578,0.43103448275862066,0.5669643942685753,1.2135678391959799,2.113,0.62
0,0.694052256665759,1.305947743334241,0.3968253968253968,0.5687754161541891,1.1923076923076923,2.38,0.62
0,0.5502995818079968,1.4497004181920032,0.32608695652173914,0.546340221917825,1.2195121951219512,2.324,0.58
0,0.804392157381252,1.195607842618748,0.49523809523809526,0.5784812208497497,1.1743341404358354,2.5,0.65
0,0.6050310126003484,1.3949689873996516,0.2898550724637681,0.5340886599459342,1.206266318537859,2.62,0.64
0,0.49916555739465585,1.5008344426053442,0.5,0.5706166537720698,1.2630208333333333,2.371,0.64
0,0.6256397556450868,1.3743602443549132,0.3728813559322034,0.5712280450120046,1.207977207977208,2.972,0.79
0,0.6626304572882236,1.3373695427117764,0.3805309734513274,0.5332755537909157,1.2265193370165746,2.643,0.68
0,0.47499769608077513,1.5250023039192249,0.2465753424657534,0.5100151303393003,1.2783505154639174,2.845,0.89
0,0.5333659646161686,1.4666340353838314,0.3805309734513274,0.5896760755704512,1.2776280323450135,2.225,0.61
0,0.5809630128749619,1.4190369871250381,0.4576271186440678,0.5878720331940526,1.241025641025641,2.155,0.67
0,0.4729076948460138,1.5270923051539862,0.3937007874015748,0.5558046770636064,1.2769230769230768,1.643,0.59
0,0.770275360066913,1.229724639933087,0.5210084033613446,0.5714124200253141,1.2474226804123711,1.986,0.63
0,0.7111398132286344,1.2888601867713656,0.3884297520661157,0.5702795725485089,1.20997375328084,2.014,0.52
0,0.6041732065548213,1.3958267934451787,0.4126984126984127,0.5809604095118125,1.2412060301507537,1.914,0.58
0,0.5773383327289685,1.4226616672710315,0.32592592592592595,0.5085029987520493,1.2642487046632125,1.789,0.63
0,0.707236267443762,1.292763732556238,0.432,0.5631971267693732,1.210126582278481,1.986,0.71
0,0.46768733815211916,1.5323126618478808,0.3157894736842105,0.547761489099402,1.3034300791556728,2.6,0.73
0,0.8398392877613661,1.160160712238634,0.48623853211009177,0.6059949947111501,1.1538461538461537,2.071,0.6
0,0.6268656637837402,1.3731343362162598,0.3208955223880597,0.5730436309490557,1.196078431372549,2.786,0.68
0,0.7545329982252567,1.2454670017747433,0.4392523364485981,0.5892902426358501,1.2,2.371,0.66
0,0.5416675353860609,1.458332464613939,0.3381294964028777,0.5444054938454941,1.238341968911917,2.431,0.67
0,0.7123984084985868,1.2876015915014132,0.38181818181818183,0.5763600096833341,1.1914357682619647,1.542,0.67
0,0.7163852603985055,1.2836147396014945,0.3652173913043478,0.5706582236930551,1.200501253132832,1.889,0.55
0,0.7494515515631199,1.25054844843688,0.3706896551724138,0.5724576915058718,1.20997375328084,2.171,0.66
0,0.5552756973644253,1.4447243026355747,0.4,0.57930503506855,1.2585751978891822,2.549,0.71
0,0.7937182133641947,1.2062817866358053,0.3779527559055118,0.5503610720618307,1.1505882352941177,1.944,0.58
0,0.5859254698393161,1.4140745301606839,0.2773722627737226,0.5538464732992326,1.2590673575129534,2.778,0.7
0,0.8277885028806822,1.1722114971193178,0.4803921568627451,0.5857933317970423,1.2,1.958,0.52
0,0.7015506854485127,1.2984493145514873,0.328125,0.541986026702594,1.207070707070707,2.239,0.6
0,0.8870137739543067,1.1129862260456933,0.3253968253968254,0.5329577356781547,1.2156862745098038,1.943,0.61
0,0.4531763174743382,1.5468236825256618,0.35384615384615387,0.5538143389390047,1.2287234042553192,2.889,0.74
0,0.9035388073139521,1.096461192686048,0.41818181818181815,0.5799348475109999,1.1575178997613365,1.929,0.6
0,0.7319759768215917,1.2680240231784083,0.36607142857142855,0.5686403972283066,1.2264150943396226,2.662,0.74
0,0.6975831853756969,1.3024168146243031,0.3359375,0.5653205602772837,1.1704260651629073,2.486,0.61
0,0.5027756389634543,1.4972243610365457,0.3208955223880597,0.5437961056436122,1.238961038961039,2.592,0.73
0,0.7017838781321248,1.2982161218678752,0.375,0.5616839536536984,1.2095808383233533,2.614,0.8
0,0.6469149332663344,1.3530850667336656,0.38317757009345793,0.585108365669617,1.2393617021276595,2.268,0.63
0,0.517193586367833,1.482806413632167,0.3409090909090909,0.5606283036699192,1.255813953488372,2.314,0.63
0,0.6323278398819205,1.3676721601180795,0.38016528925619836,0.5780170855421736,1.23342175066313,2.057,0.61
0,0.5527272106042607,1.4472727893957393,0.28378378378378377,0.539830266822581,1.2160804020100502,1.886,0.65
0,0.5581575396248053,1.4418424603751947,0.2540983606557377,0.535959917278282,1.2936046511627908,1.986,0.62
0,0.4990970390809255,1.5009029609190745,0.3669064748201439,0.5549157049389706,1.2264631043256997,3.042,0.85
0,0.6143935700086829,1.3856064299913171,0.38461538461538464,0.5720115115573661,1.2225,2.268,0.7
0,0.4559773973923824,1.5440226026076176,0.2641509433962264,0.510488861061563,1.235897435897436,2.429,0.73
0,0.8068264388834276,1.1931735611165724,0.3333333333333333,0.5541369948807705,1.183132530120482,2.2,0.63
0,0.663671332800009,1.336328667199991,0.3360655737704918,0.5773076100240156,1.2666666666666666,2.181,0.66
0,0.3668512980191245,1.6331487019808755,0.25196850393700787,0.5384099796723468,1.3021978021978022,4.014,0.88
0,0.17958513474562898,1.820414865254371,0.22695035460992907,0.5029068787696935,1.350140056022409,4.243,0.81
0,0.5282219364237235,1.4717780635762765,0.34710743801652894,0.5652554428846511,1.2328042328042328,3.592,0.84
0,0.44594694664901713,1.5540530533509829,0.2517985611510791,0.5097046945082703,1.2690217391304348,3.732,0.96
0,0.7406165989276006,1.2593834010723994,0.48514851485148514,0.6050552236068601,1.2081218274111676,2.371,0.68
0,0.6017667279180812,1.3982332720819188,0.21678321678321677,0.5343544677988267,1.2199488491048593,2.586,0.77
0,0.5237192602442939,1.476280739755706,0.2978723404255319,0.5464656266069405,1.2462311557788945,2.357,0.61
0,0.7607666362038941,1.239233363796106,0.3644067796610169,0.5585916528034396,1.1871794871794872,2.197,0.58
0,0.6626893762918278,1.3373106237081722,0.2971014492753623,0.5393794776885185,1.202970297029703,3.127,0.79
0,0.7532596984963364,1.2467403015036636,0.3302752293577982,0.5771901717001565,1.2063882063882063,2.529,0.72
0,0.4808781779628861,1.5191218220371139,0.3684210526315789,0.5615096156693545,1.2394014962593516,2.2,0.55
0,0.8448341360612293,1.1551658639387707,0.35454545454545455,0.5876826441945888,1.2075,2.0,0.56
0,0.6434335067839205,1.3565664932160795,0.4224137931034483,0.6240523106212804,1.2137592137592137,2.171,0.66
0,0.6640347368854085,1.3359652631145915,0.3053435114503817,0.5714353754051558,1.1773399014778325,2.186,0.69
0,0.7740880239285226,1.2259119760714774,0.40540540540540543,0.5875333617792943,1.1666666666666667,2.042,0.64
0,0.7431140891643433,1.2568859108356567,0.4326923076923077,0.6041469599193762,1.2290076335877862,1.958,0.52
0,0.9064403636452392,1.0935596363547608,0.40350877192982454,0.5731869111761275,1.147887323943662,1.786,0.56
0,0.6098483408324173,1.3901516591675827,0.392,0.5773924567560593,1.2473118279569892,2.657,0.66
0,0.7307561386365025,1.2692438613634975,0.3106060606060606,0.5568476763598863,1.2084367245657568,2.614,0.62
0,0.540861862149064,1.459138137850936,0.3282442748091603,0.5484259291769618,1.2342105263157894,2.914,0.68
0,0.38951257571397413,1.6104874242860259,0.3709677419354839,0.5911361774199629,1.315217391304348,1.917,0.62
0,0.7627108867747983,1.2372891132252017,0.24087591240875914,0.5236286757918399,1.2191435768261965,2.225,0.66
0,0.6639483262962971,1.336051673703703,0.24193548387096775,0.5711225591693829,1.2299741602067182,2.057,0.61
0,0.8488612334839094,1.1511387665160906,0.4,0.5815469740394161,1.176039119804401,3.271,0.7
0,0.6586309129730399,1.3413690870269601,0.29133858267716534,0.5483893482736114,1.2141057934508817,2.629,0.68
0,0.7677666839517538,1.2322333160482462,0.328,0.5516811786237542,1.1576354679802956,2.296,0.57
0,0.740336985325601,1.259663014674399,0.3474576271186441,0.5671771355579269,1.2301790281329923,2.648,0.72
0,0.721802830242291,1.278197169757709,0.2440944881889764,0.5376227067872807,1.2128205128205127,2.563,0.71
0,0.7700585651876719,1.229941434812328,0.30597014925373134,0.5532865911114466,1.1942446043165467,3.296,0.74
0,0.6711640212690364,1.3288359787309636,0.4247787610619469,0.5683980249340356,1.2416452442159382,2.086,0.61
0,0.5824326232178438,1.4175673767821562,0.3984375,0.5828585368057697,1.1855421686746987,2.957,0.75
0,0.5577267219146336,1.4422732780853664,0.3381294964028777,0.5723970548403658,1.2525252525252526,3.186,0.87
0,0.6541132114045796,1.3458867885954204,0.3220338983050847,0.5567128209943061,1.2702702702702702,2.414,0.71
0,0.7238743243598345,1.2761256756401655,0.4722222222222222,0.599532455745843,1.2412060301507537,2.549,0.65
0,0.492240181125311,1.507759818874689,0.2624113475177305,0.5131075172270959,1.2622950819672132,2.945,0.85
0,0.7472045137632686,1.2527954862367314,0.3305785123966942,0.555192333570541,1.1809290953545233,3.324,0.69
